name,code,freq,info,probab,length
 ,00,5,1.67807190511264,0.3125,2

,11,3,2.41503749927884,0.1875,2
,10,3,2.41503749927884,0.1875,2
a,011,2,3,0.125,3
b,0100,2,3,0.125,4
	,0101,1,4,0.0625,4
