name,code,freq,info,probab,length
 ,01,2,2.32192809488736,0.2,2
b,111,1,3.32192809488736,0.1,3
a,110,1,3.32192809488736,0.1,3
v,101,1,3.32192809488736,0.1,3
	,100,1,3.32192809488736,0.1,3

,0011,1,3.32192809488736,0.1,4
,0010,1,3.32192809488736,0.1,4
d,0001,1,3.32192809488736,0.1,4
c,0000,1,3.32192809488736,0.1,4
