name,code,freq,info,probab,length
a,10,8,1.85798099512757,0.275862068965517,2

,01,8,1.85798099512757,0.275862068965517,2
,00,8,1.85798099512757,0.275862068965517,2
	,110,3,3.27301849440642,0.103448275862069,3
 ,111,2,3.85798099512757,0.0689655172413793,3
